{"FREQ_MIN": 1000000000.000000, "FREQ_MAX": 2100000000.000000, "PERF_MARGIN": 0.100000}
